First Name;Last Name;Email
Renee;Jordan;uklein@gmail.com
Renee;Oconnor;rebeccawells@hotmail.com
Andrea;Bauer;kfreeman@gmail.com
Jonathan;Harris;floyddonna@contreras.com
Lori;Hamilton;nicholaswelch@gmail.com
Donna;Allen;burnettbriana@gmail.com
Katherine;Mills;jason07@gmail.com
Charles;Drake;porterharold@burns-martin.net
Melissa;Walker;meyerjamie@hotmail.com
Robert;Moore;elizabethmosley@hotmail.com
Brooke;Richmond;kellie80@bowen-nunez.com
Karen;Burke;yolanda89@gmail.com
Dustin;Garcia;mathewsbryan@gmail.com
Joe;Mitchell;ctrevino@yahoo.com
Joseph;Carter;greentim@griffin.biz
Scott;Anderson;uquinn@hanson.com
Don;Gaines;robertbrown@yahoo.com
Lauren;Hubbard;gcaldwell@gonzales.net
Jeremy;Saunders;derekjones@castro.com
Justin;Jimenez;craig68@hernandez.com
